":START_ID",":END_ID"
"36889","36890"
"36889","36891"
"36889","36892"
"36893","36894"
"36893","36895"
"36893","36896"
"36893","36897"
"36893","36898"
"36893","36899"
"36893","36900"
"36893","36901"
"36893","36902"
"36893","36903"
"36893","36904"
"36893","36905"
"36893","36906"
"36893","36907"
"36893","36908"
"36893","36909"
"36893","36910"
"36893","36911"
"36893","36912"
"36893","36913"
"36893","36914"
"36893","36915"
"36893","36916"
"36893","36917"
"36893","36918"
"36893","36919"
"36893","36920"
"36893","36921"
"36922","36923"
"36924","36925"
"36926","36927"
"36928","36929"
"36930","36931"
"36932","36933"
"36934","36935"
"36934","36936"
"36934","36937"
"36938","36939"
"36938","36940"
"36938","36941"
